10.435584425542222,10.768750913899284,46.760153594460476
-0.039300226191567075,-0.5577284458494791,-47.7019358764197
-31.247808521763705,28.83553561871387,22.508548313905134
-26.59810677175805,-13.17979418038806,33.955452931828916
-2.7830276213916108,-16.094563536877704,45.55261939336527
21.1734885439003,-42.23405578788507,-11.121755347812764
39.66209059809914,8.9338535484927,26.62541215935267
-2.368568515390248,-16.654932398231765,-45.51203109011006
-2.9129163840464076,-34.4219208061119,31.34267058888586
26.88214056562532,36.67333526116762,19.442102973692112
0.09975280676481842,0.15719122860709916,-49.634071233733344
32.67915219377591,-6.991027331694863,30.694024737229512
12.866947494230264,-26.816686527335627,-36.82987807135333
-23.93694934175146,3.993017992201615,38.93434706282092
2.3156395411688697,-45.11057297881095,6.720045283106509
-29.83901099974756,37.98971954557156,-10.29660247913256
37.91588828883608,-10.018200955458743,-26.81733899083728
14.276173667687235,25.894237168928058,36.21399184198239
-18.613385246801517,-40.62751167804526,8.025724108388353
-17.928596029567377,-13.324136753854887,-44.47548631751983
-10.3834784864922,7.189770102371956,46.25486155630135
-24.818342733314918,3.519657664870739,39.32699277708461
-15.146677446499845,-10.570097174567364,-41.06128773655534
-9.054715263661617,-45.56909582627413,-7.640819422437827
-22.43381627093106,16.162286487699376,40.84412231488767
4.576803003112085,-39.9902035355596,24.10725842136162
41.903475657639795,-24.280093485522535,0.31282066797025865
9.365990335886513,-5.404205984941678,-46.37783581702246
41.43345669975999,-16.726403471574372,-8.09140491453171
-44.853343718808674,10.170848428846025,-1.7841735471810707
15.281317971586018,-4.978693237539454,44.935048166648144
-29.3885631286785,-1.489636869310259,-34.7097989201903
-20.449721238277647,-4.491729356865534,-41.29487335053517
-14.389730641638304,0.15245312395088254,45.509774081482774
32.89236018815218,-1.7170154204102843,-31.1174883095006
10.512727115500072,-29.52306952193333,-34.02583085575301
44.28208716761962,7.052463400466184,-16.072427332954053
5.149401429065353,26.509332340340354,-40.55487745763434
-37.038577921323316,-23.587255396873015,20.878032093826747
-10.244663918385145,-29.905796620590728,32.6202102713015
-3.1893168996234764,-12.951123023091817,46.12534290594517
13.992381502488072,-37.263759595385125,-26.07801028314933
-23.72623971341428,12.439062376815663,-40.589919357406984
13.151329425870657,10.874531710159408,46.691463195305296
-34.04686099509674,-22.05127546893241,28.28562075940412
-42.942435292986175,9.695220036021894,16.149438388247404
-26.424261780803047,-41.051674776478414,0.42904882657989696
-22.539222572716962,0.11810371049946994,44.209524860146026
-3.0396982934794257,-18.076528659340358,-41.82929871079421
-35.447891729742835,12.736959966173503,-31.191571576439173
-20.606242389650905,-40.807605121661545,-5.109505533611368
0.8153542469410042,-0.22443564831366905,-47.3001131711814
29.93343919875395,33.173714758804444,-21.998876868952244
-4.736440920295372,-0.6539872979559607,45.328750726335734
-3.5159070872911107,45.56606787999738,-10.427417154548639
25.69905314364369,-9.563488854324401,39.42332685075506
5.696820192807399,-9.057931536443325,48.79420719574786
-30.741023462203234,3.3631804905674736,38.031174684214285
4.4450199923988345,-7.517021326533447,45.973755850005944
1.0480358326951793,-4.662910862007513,48.17299523097924
15.11575565759458,-6.388588416758355,-43.764693596992
-20.863983057440787,7.611306901859952,-43.878926966987954
6.998873404980724,-4.333721850743391,47.790827954836125
-7.187101023320609,-9.200370176363323,48.497693522846845
-28.589976193740718,-5.600167597126263,39.64914668010082
-23.67430024901353,-7.04009990315422,40.21476132026077
-44.2609506108029,2.1529610732302786,-14.662181512690776
-2.85552090376344,5.3922947655086695,-47.7011882805429
0.8339263656186673,22.46396309548557,42.9503777028952
6.149429029630796,34.31657439938635,29.308971619982863
30.95114009021862,-30.734526147870525,11.663414853199107
-25.059097375962335,37.536264627451885,13.943382481558716
-12.956332479644727,-21.9546506351165,38.11540016037563
39.25533617376667,-2.602402245236023,28.83890838245265
-42.52977695167068,-20.443051587403744,-12.441221599737107
38.55519557516843,25.48552295886558,-0.1310857152617093
-29.784509514194355,-18.27658150034683,34.053821016948305
30.960254929863073,28.236619144141404,18.224484304268728
-18.267714653010536,-45.90585386627536,3.013992986238953
20.096080458020165,-18.120977970990577,-36.754541516285265
-44.42675461966967,3.168134124719527,-21.847367891078516
2.008591990695445,-11.42607500252346,-46.93076494144141
22.695833131049756,43.207927784861624,1.198170593634891
2.4839386475778094,32.08153884967765,35.478607174268824
-0.8460253726053734,-2.1590358824789986,-47.72387670740577
19.199222966923084,23.202381400759894,-39.08637320378497
6.449714343696941,21.89948259109859,40.25193999015178
3.232927267053832,5.446461335684037,-48.04548328013061
0.0665522478940822,-0.8536889161801449,-48.28024009618845
12.071405662617336,-0.41076875330468804,-46.13417733135991
-17.002724525974322,27.35174705663485,32.74434435293998
3.5711678592667857,-12.3929731841028,48.09363467208638
17.81557980897574,-23.374244936855924,35.379824916617785
-23.828019939906184,-33.98960617521816,-23.219020670297468
-17.333469882505685,-9.028869981209544,-41.262294631222794
9.113683300465993,-35.774037400735736,29.884217967387595
-7.543658808059828,8.910423326038835,-44.97402555060994
9.488832698832994,-44.554080179156145,-11.065344967021446
14.475044208330795,-45.35472844289854,-2.037686064622985
-48.38125376258403,0.3502121858210243,4.896284415815147
-6.857997930716294,5.5955610729384535,45.4171289588705
-30.10542176438246,-31.281420819592103,19.36358213292677
-33.619241502187684,1.1314850255459976,36.91289861455063
-12.194526127674724,-18.561747047571536,-44.07464918950401
-18.759772611037928,39.54780256253777,23.931191725517586
-0.257476342475971,32.7484055851804,-32.076654116967454
3.5683605370465563,15.254909076702253,-46.31299724165819
33.183357698764105,30.95706009350484,8.674997890170719
42.08863134018228,11.262859507171076,18.270813289623177
10.083962235522757,-9.701032683256347,-45.11238549331705
-20.57260146810613,17.546859713929937,39.86474783503987
-44.83247392944179,3.7722705988257808,-3.2081978427803937
-2.61269535646725,-1.1332812485881634,-48.20855768130584
-4.4405325359291465,-12.840917386495581,-43.589581054662425
12.148717705471645,44.20696231525837,3.6655825554925126
34.5361555049792,27.427312741684744,-23.534404197899516
-15.24772838624073,34.79064327466697,26.56140100701993
-10.69964965822407,0.6436992746307914,-44.019220583149234
40.07143706499229,20.79298800616152,-14.446893221566116
-13.89254069335889,-33.82776259958356,-29.78362084600964
-2.545683267447369,45.401442603446526,-10.342564045702462
32.24459245621337,23.349889664885215,22.36681215598615
39.682741600300865,24.145316003202545,-7.751384338612684
-10.374921569688828,-7.168952237977347,44.78449986102326
-35.604011564686736,-2.703624729983277,-29.068287302809335
-0.05357875627937097,0.0038138528880231467,-49.15202673409688
-35.6884870769301,-7.5889192960525715,27.35692083505265
-6.708233915490303,16.363819999595993,44.73654773960928
28.065032629423342,16.462577735931433,-37.220678960742056
22.615473419270838,-1.9636598130527585,43.33986890597083
12.273992974345882,-39.361229679798974,22.34606626052092
-4.87982757393808,-7.053176172071308,45.393611512919094
-32.85467206162227,-16.312933410134967,33.72006241674954
-34.45023811620452,2.1918537737962525,-35.16247868050785
-9.82726025940158,-0.8012460010127043,-45.05664415394918
40.233509402147874,8.495051118510279,-25.33820444099479
32.567889078134414,37.82501123491202,0.8146044413139809
2.992018528765217,6.922243994125471,-45.47240852631175
19.443924020199137,-33.4822758747707,25.029152021760446
-6.230162472427393,-14.485940732533445,47.42378337050896
-32.626563388953564,12.404394408594095,34.714285182647565
-25.78660989931073,-0.5940085332344307,-41.62904033954303
-8.575837015618536,-4.387013736039986,46.11251013922355
-3.374204336425501,49.01534143736748,3.860055854539596
11.371659482173586,-12.659242807899334,43.69612354661078
32.37868767256689,-37.42062603187546,-6.782350495526773
36.76854889384585,20.103952894721594,16.70154163063508
5.9894957069046795,-45.29008279592,8.819602209321923
10.912576834668595,-0.919949608244057,-47.688694204845085
32.30959449518179,-15.505340051746126,-31.93804843767403
11.371304350339104,4.15366733196344,-46.897361272277045
39.154370196843544,-23.931742213694015,-8.38022252735005
0.37582297826769645,4.234807329188373,46.5286700424894
12.438385823241905,-45.59461792478671,9.232985658525504
32.978756912577715,12.007933929512959,-30.027858543197596
5.868382026066999,-17.912733938687243,43.08819687933163
-23.972775986991937,1.5264528212234094,41.467653266938996
-4.430173489006992,-3.611395653043298,-49.41672307263191
24.00123815487318,37.56104666662374,-16.214472103752733
-1.800970988348909,-5.545550944987488,46.77101105442858
-21.77980580443851,-23.008675363126798,35.76537876276803
2.2872959831702655,-26.657887753099647,40.77078071444836
-2.7896328375149375,-8.152528438427339,-45.80132827164361
-2.6869088246177086,-8.229742467038085,-48.52632749800043
-17.81333650805569,8.234814293382593,41.33851388153384
-20.017018967490547,37.55605118240489,-22.71681208051446
0.4728426037778556,35.99093324854176,-27.316391802745994
-4.829277781418824,-28.47885170073444,-40.75156532728545
47.09770560039867,-9.879645469982293,-1.861926927907388
14.057523670243977,-6.26940563663374,42.971218608239695
23.92094942868596,-12.226661902555607,-37.17876547797498
-15.684111041226394,4.23803670000398,-42.889960575557936
-29.72832988265515,14.006298348794486,33.9365182261472
-34.3116051987771,-30.646750103289474,-19.253593694373556
-27.674325827155435,28.957181911115264,26.084811818954872
12.038822321780367,11.757976796786973,46.576620778467706
1.1100892777667213,-11.984976441395235,-47.3051845847989
2.830089974119519,45.870835665715866,6.184786034632713
-25.349720791832468,-5.60298548926636,-39.542878298882464
0.7779342200795158,-1.0521742518881063,-48.05950983108364
-0.5589287486662583,-7.194696156440652,45.728275701680936
-43.52802890354019,-11.057066526052655,19.263519202631294
14.823034809149615,2.4636767822485357,-42.782713775620614
-0.43963967467164833,30.152917431852078,39.6138014736078
-33.85064352082817,-30.17812677590944,18.762876533724626
1.689962141607266,-6.240024523900865,-44.61599215880937
0.10095343731321844,-3.402016813942457,46.20060404222129
28.467825386130606,7.700267924966366,-39.76051047312793
-41.28993199481308,25.481789638991216,4.328345396482454
1.8843510793420521,10.938249338526349,-45.18598075425789
24.881977664882342,9.818971806368761,-38.999602805034264
18.124338654182473,-34.46958412279642,-27.7949149205656
20.442477189991667,-5.744936659711412,42.55987512020554
-19.51312131219934,-8.701677322896963,-43.491040733514325
33.368368195471085,-26.333698474513167,25.97140536590912
2.653332542528047,4.037815944976871,46.35412788343673
-15.919861398294152,5.507386763275587,-43.61284902076547
39.759802831861414,23.24330409275687,17.077014775260878
-38.59507839263768,12.678140181459659,23.05773440631977
0.31164967318827236,-1.1303634255742236,46.88751508845559
-2.0122674850666167,9.833006408613864,-44.798323033874716
-9.8571466267061,-2.1852848153799003,-47.407766843318605
-45.22584666757503,6.589766141161206,-13.194089051638924
-38.06919575254834,8.14341305801675,-26.96296891029297
36.28843593155956,-18.242825922916285,-22.065907425997903
0.7699754295901807,2.548583061599627,48.76410810284029
0.22113114177035345,7.097854719666154,-47.24365009855294
1.7651124829092244,7.086688150858827,48.67735895667833
6.419911800253005,38.041328883689154,-27.34190492161072
-1.1194931736803455,31.879877573468367,37.527403388315264
0.011717382078961244,1.4941922927056097,-47.59077988463266
-17.35462065151456,13.718605635820586,39.80060036895283
-17.109434191701588,-12.188536904569943,43.51893983626694
35.57062785976185,-2.231991816356558,28.908014479906026
-29.882805758238817,20.95445714222295,31.54631508373688
-15.079595977042539,25.660253925922902,39.47159316994468
14.947239492811054,-33.13955598586589,-28.128078680188
-6.873732809336757,-46.132350879314174,11.607610633135861
-44.87374140324342,-4.49924218814331,-4.768592409806142
37.58572532890035,-16.293343769506393,23.149159608751706
-27.768562250257457,31.958397602507812,-19.452157043059046
-2.161199488851438,-46.50768628977192,16.249188770189104
-11.221657316044467,36.54564437217742,27.213749127079915
-2.9729283367697668,1.3336642582182705,-45.24428072967207
-2.10082652452325,8.099005242353314,-48.411024684594196
-27.85360662161341,24.69047965416703,-31.43517980633456
-47.97361703313796,3.120261002560067,2.6740983707821084
-32.504924994516536,18.64000307613328,32.71410056620502
-11.50906123330816,11.074830172442006,-45.172183994490354
-31.850147217881283,-15.029446579551266,-32.63334501393353
31.663853853667042,-33.01182916086014,-10.088756748851637
36.41628710188436,-27.03857716411381,-9.405029346399383
-6.390161195930125,-47.55295044543096,-10.326461817410816
21.78620034991274,6.5487320049586035,41.56277574008554
-13.770491003688448,-4.216884172619314,-47.6957260310396
-33.69366426788585,7.319701865788083,-28.967190496353446
8.36838229986944,13.565307806285407,-44.603669744633635
-4.554538839686085,36.97162313473511,-31.434235280733912
24.323340096876407,35.38748024549527,16.3758669240657
45.72116844963907,-18.20230827450665,-3.9062320105135013
11.919038155163813,8.758833520172015,43.726384746006886
10.017543407544036,44.3058632841411,6.386750642020571
1.4670641163282,8.037053490922162,-47.38276309609558
-7.935985116578512,-48.5369239603546,7.646322776475031
-24.21985258704366,-28.689589433208706,-27.810898469476406
12.319066824952955,-45.319254295228745,-2.7088826072016445
15.057188790616937,9.421153012459593,44.01618318232267
19.16313597341863,-16.611362757753273,42.62012464110351
-19.002219430038846,21.546708463367136,-39.00371146737725
10.813162811725622,40.738264110773144,-25.787093629213675
-34.05054685297774,33.265257477184164,-0.12963389402129183
12.576628617109598,-38.16047159477432,-24.136408954864088
-15.217679330499207,-43.44120596582097,17.312599965858055
-12.108454849564792,-7.648755745549065,-43.06829035108401
3.612102930878939,-28.94130172038715,-36.84198018722905
-35.32702787471567,-18.173536987822917,25.39181248715907
1.0997041564732606,-4.771456837499117,-49.43488829724132
-26.961487072052982,33.884366731185956,-21.836527978336967
-28.729529321202367,-33.557916705107814,19.548793814146443
-1.0782163144928516,-28.776689294232643,-38.11270358035743
24.03396686046082,38.269644585172735,1.0987655420113625
7.0298664693425685,-4.348472477416829,46.718980485182065
-17.6795756878102,-2.8825783539428818,-44.75166783445744
-12.199367625267305,-1.1608900436474874,47.78571824025579
-15.550199990205048,-45.8125913921388,6.372335707166442
5.539180655020535,-1.20664545397283,44.64718938770689
-45.3196551259734,-18.506900771002513,5.134135532498174
5.7699252742635005,1.0556673232784612,-47.07834955735923
-5.296981561278068,43.08255464817489,-20.688520642014403
-0.8698222012432485,1.9435650375983018,-47.755934673929275
18.145771242052426,28.389684431692423,32.14934701051652
-37.82400418136896,3.1496998701880368,-31.88862133071974
1.3359470894028553,-47.84603388488692,1.818185871616816
-12.424331041055398,35.08526299848493,-33.34370794574234
3.384947384077419,7.631997910774825,48.2266013615547
22.050186016194466,12.965812617013365,38.41145412372725
-35.80265226045094,-25.130255964081133,-18.13064271498624
-21.42428178347301,41.019517981690576,17.15946546794446
-21.709674353675336,28.664476936406402,27.755109601690297
-24.817017365741847,42.225106722241094,8.973145129384008
-13.33465053057351,-28.610234700391405,33.45963959399749
42.3906437862456,-3.799867207304957,-20.19098694255803
-4.970124631590652,3.2755684037731085,-48.792751946353334
-30.858133293878407,-20.49707129204348,31.22633711744903
6.134220332955565,-1.7140763364137135,-44.90096447260405
-24.933686897153457,22.117252078019767,-31.90082655474569
-8.836663111245398,5.085648505743523,46.27380311314874
-0.47384023376455403,3.3684338085741543,-46.637952673505055
-2.118528104255139,-0.03718217024281422,-45.798640043244
18.7503852519519,-40.86645704369439,-14.932101539710837
25.788651454389054,23.76149289870687,-28.7628474206578
9.54717439503314,1.3509266609403359,47.098798670511464
-11.698996557666959,-48.36197657099748,3.556064671223169
-0.43520088724231815,-0.06918383741907498,48.78574525621534
-43.68670813470445,12.945875344422111,8.825322588966914
-30.541185004174913,-30.327639105792663,-24.708641985157094
-10.708379154606357,-3.519163249682974,-44.74714279576173
-24.23316080589979,39.69963163524552,-8.66021056784051
-27.319232592031483,38.7265832277712,-3.6916402563408894
-27.61635035062878,22.4537361853347,31.979474662021065
-1.6638104166378636,47.591437990288185,-11.765298095481308
-2.9798040690089755,44.40518533079096,18.917380225395355
18.93561010631016,-29.078954851872346,-29.17081827185609
3.560713960588934,4.245176168577837,45.927548216599035
-14.865943969899114,0.8006895958543522,-47.3110537271321
11.537689699743781,42.06668156484578,-17.34805129668761
11.80485373511572,-4.1709466303461795,-45.847343364044924
-29.963466835577385,-0.9819391743088635,-39.55714236871133
-1.1746383306140311,8.553695668026888,46.643639246059166
-7.771544211193805,-7.575051312913982,46.767844802670325
-10.75240522437763,43.59238719079985,15.311564203431669
-28.734873790020266,30.954783518349046,-25.635115645229256
16.142709943671246,-9.519346633345156,41.55503100724709
0.7927998357736632,4.410369564772357,-45.809850529267116
11.869835174117851,6.501117334139973,44.42300281700062
18.271873520207244,20.47407132729933,-39.16383171449279
21.704757135650553,-15.87436812530508,-41.12528279521477
6.850109006422038,4.512341344599316,-45.54942427544972
10.146266705587651,25.601313804542144,38.40967184425054
7.025802008137756,-12.08241238754125,-43.36406601302728
-32.09064236158972,0.9060663982212762,31.68418700930847
17.87058146835914,-34.26559927115033,-24.848876518943786
-26.852270874022242,37.424830799744484,-13.417274992825046
3.9113275599669954,48.58475298394316,-0.24936563095858796
17.712540393505975,-1.8319159200236166,-41.37851967016228
46.63289954976607,-3.7892942717519573,-16.016122817206046
-4.797946510847091,6.370219566663836,-45.45235997211187
-4.253252371727745,-21.515824244772173,40.0781050659418
-13.784847449105179,-39.786470575803925,-26.091306792195173
0.7195750642324926,-3.561042280437399,-48.06589481815329
-1.5147053992657484,22.166791884630904,43.11899526646018
22.615364670465556,-29.551921583523466,27.11725124863519
-5.880617723918411,-0.8010551618657461,46.18352398763641
-31.681172805826293,-24.078150015776533,-26.961580543978588
36.194441816873,14.713527157349796,27.484460285692233
-2.0710534065098174,-2.6532824626587392,49.11887975102098
2.3729229202212356,-2.906394056260227,-48.89493030596919
19.92070847637886,28.395078133552417,-31.56258666412723
-28.451773065874853,-17.831457738780685,31.031430394782003
34.24984527922353,-27.8108593144709,9.441349643234503
8.207281930877235,6.399181111445061,45.97708465378116
13.96247165553901,-43.78246623617906,5.9198112022482015
-18.354467366258866,-6.09128875197339,43.20891400348489
24.020742434060473,-35.38701983806531,22.931816916156887
37.033980687989846,-31.75021410219661,4.784326606745975
-40.09359264496639,-20.436881691476138,-3.334816965469242
1.6725804809885998,-45.971104687767514,-7.408030859141713
12.71616002996597,-13.090751464236144,43.236256829704324
-14.416476954897915,-25.541768551496844,-34.174049224597525
-38.958562793621006,-13.399553459614143,26.57814459418015
10.397896638881514,-32.450751112241775,34.63275485579275
-0.45624943814085117,44.76052350475665,8.738636426005376
-14.399864259849092,-10.047451004304673,-45.21299625006488
-24.746783130504927,39.34458910161472,-4.721709354516884
-3.6431007395205786,2.7856703079542156,-45.63681054958813
24.371030138670644,41.44708627351537,1.2833852807967783
3.8691006919900013,-1.1259401324731761,45.88848834806488
2.9257252831552645,-35.362310542263145,28.74145613661647
2.244401825729748,32.37620583734363,-35.9498322491374
42.2036070420451,-23.50840558073718,2.176662498301028
-16.51831909157933,-12.598414290639438,-40.250603677540454
-18.12432035907858,43.01869738156703,9.678287586422725
11.096757639435607,-46.90753704127326,11.085359782766306
41.608597553932476,1.0890425467061027,17.314759804431883
-1.963403054149294,-4.5228734738996765,46.92790057481071
18.047553817162463,-6.1553245846525595,43.0716178088072
13.6668527515354,-34.608118961543475,27.257172463862208
13.015119172451804,-3.4521366613647966,-47.874659815767714
38.30490655256161,-4.576982966393228,27.037008344529823
38.353559184504036,-19.69283315100177,16.020996950833645
-19.966587782584224,-38.09204936206149,-21.280203437490883
-21.712529484425282,-23.0798003984991,-36.84035791217532
-20.28458221147,17.472701284561417,-40.285473597802955
23.178053205525543,-1.5720995307301318,39.514054416162
-29.030986918555765,9.701458373315502,-37.65449000863852
-5.549167786854667,14.34679122535963,-45.69669338334196
-41.45368956820243,20.117930667963495,5.7559677362735355
-30.049576835179018,33.474465515223166,17.86560322941371
9.799113217663425,-3.6464042585636345,46.968738410203464
34.302266937819056,-17.620592688519984,-24.129498074127557
-1.2842652209928755,45.91778278675754,7.60262037373423
-15.895872423300219,-15.284090383679157,39.39040357848695
-36.48178235826138,33.54670630271546,2.3223056424936086
3.3028458192233208,40.98705809234769,-23.508446280639962
26.810024980156836,-21.993434752814498,-31.91504960062221
31.256030094509068,26.48921328906744,23.13913135443216
-0.13371235898273776,1.0567801195746374,-47.72652428698994
44.93690609764296,10.687240970372233,18.93407158455315
28.83762272330989,-35.134866402809436,-18.383606214588667
45.10541870889216,1.241582113254058,-8.805168941931935
29.88143103962054,-37.76372713775472,-13.389804579402485
0.9703363177938802,44.395455650499066,8.728191289163444
17.340774828892734,3.303469198609799,46.037393072831726
2.9774277320686653,0.9093963191419567,-45.74836074168966
-32.228337297877076,-8.154403982595053,-32.23600914502198
41.16942450800836,-17.936813120308074,8.530120405735694
-22.825976701547894,11.483557812364307,40.17788056622159
-9.019744281448466,-29.634311958465172,37.97316036075242
-13.378928443150478,44.763113972340506,-1.1391716228895126
13.568238375858991,-33.07341737084984,32.29935085536323
9.514041541539271,-42.14042235820477,18.15444746035731
-5.134659360618746,11.598704967311683,44.67337504182103
-12.855432066519032,-4.603314559829383,44.90672892106028
-8.802177952984405,33.49952229279965,31.678167967736268
18.743418534505828,20.80592152300235,-40.530163965233776
-29.08794168013887,-40.50188805489766,-1.2229479683152666
0.00896237309046757,0.06982483866415021,-45.01505937589813
2.6710661441058767,45.967399483114065,5.663908545573537
-29.472001687304996,-33.86740721544402,-12.554084945575115
19.111885322413443,25.43090076853674,-36.70252926341084
24.36428756130331,-35.23423577316211,14.47396445831444
-19.02258237975773,-10.61380529804899,-42.620754929505985
-19.982542403872056,-37.92864833554299,16.204825257638774
-7.345050120214592,-14.77540932107434,-44.13490406420407
-48.938594716483124,-2.87097997807191,2.6506041482233607
-12.643847063574016,-0.3717621817338985,-45.15929089102124
18.711872979374927,4.268021582131014,41.466628754797334
5.485569032902732,-1.8978750532797513,47.492251682316734
-14.456588730926784,-37.37523335697489,-23.258180065070956
35.739855424181535,-28.89021781610515,-11.584050814734185
22.320248424811417,-10.601729912635388,41.80301687498837
10.732663493415206,9.620953554693559,46.631567609291444
43.69824452512977,1.1376799653051315,-23.586215264377188
-18.616050081460575,5.261556108585018,-42.741387541291765
-2.0482785834440875,-9.768783076067958,-44.80664014750057
33.54404887071268,-17.335102303888164,-30.52281753804765
-6.580066971510522,-14.61163624811712,46.785736940009016
-10.020706760203815,45.855131854765965,-2.224117633475683
1.369289041167548,11.248311016053211,-43.65151337729465
-44.407849042271124,17.09703425085264,-12.668025311711933
-31.869066008217203,36.44316707058422,4.164270001850002
-2.354168227106929,-2.1460277927687788,49.4623715351803
19.9018917569565,-3.2090468459110215,-43.776715878020156
15.354898996630297,22.571836465174805,-36.20169539034027
-15.193819782366111,16.15403571951206,42.94997454509608
40.107617199291376,-15.174217119726395,25.371231461226827
11.885827632277701,2.258923746997566,-45.19406598183221
9.512188093592147,-32.56135342049764,-35.03471263463871
-17.68591679890879,-9.949775790938,-45.5866516621117
39.64727976554885,-24.959367067052348,14.056372645239373
44.71193150540769,8.152019475926297,-5.065884937573249
4.737050809501541,-4.211757183440332,44.969795621144215
-20.79435145277527,32.47347035169224,-24.519391660113822
13.862256894410844,41.2416271416636,18.28352450825477
-6.356168887036294,33.79131548005977,34.301391695690505
42.254258369309106,-20.137605470191385,2.203244885855713
-46.76844343512696,11.797464063510752,11.957275418303505
43.36206983695483,-1.1134867238112773,14.334658118978384
9.67474615833398,-2.6025623341633866,43.98253466627592
3.8414512222441495,-9.959705865171596,48.599101191836525
0.2339011912816976,0.668054058012761,-45.59691429152375
21.655028565424296,6.721868641658238,39.81386037407209
-3.719040222552493,-9.85245004427236,47.26858163735288
42.44316518038393,-23.17946770046909,-8.003577041307732
18.44597318206315,-41.96534745738659,-17.91058161590369
2.13641893616164,-47.331836501421165,-11.237042628598783
42.57035453246691,3.2729214791290175,-18.943378537725675
7.508943907355659,31.373831977037465,-34.238934171087394
21.03195810374952,20.618564652764,-38.99677735457195
-40.41748072731284,13.32640323355769,23.99631605865512
-24.39605950742193,33.28668880924592,-20.223275827428015
-4.628063675760309,8.07990091445007,-49.06337179948369
-44.67574559126464,8.968831596813752,18.664651210949994
23.507680124128488,9.827704444379812,-38.423116151317274
30.962041670817204,-26.463394091135168,22.95900212731037
36.01769399086019,-5.814591215659836,-28.48582438621869
-35.2349584819302,-27.78798681880761,20.531078891830898
32.07987263712383,-17.56440193334676,27.763274074889136
-31.946256444969386,18.482559233678156,-26.975768639723892
36.91580564402844,9.664414824587464,27.480448825783338
24.90565518461433,-25.936480585704473,33.93205008310339
41.60425349439771,-21.13719914084037,11.155473750909888
-18.494518382239452,-30.60322902205284,-33.233953641014075
-16.66237837580743,3.928316872355569,-42.48398874923697
-8.403997409507069,42.89004161036722,-17.713233282288698
-30.378212974049156,27.475989761500752,22.731875859641182
-10.139848943429367,-6.212077228891283,-47.17237207617695
-7.711212760724093,-6.642802392496112,44.055949105919616
-19.667574899840528,15.986325351181579,39.551922253671954
21.228042707535863,20.427761989602775,-39.1790128732336
-6.4397984282377685,-30.997532765064154,-32.22783276480424
6.312315666297685,8.053525011210416,46.68328276571942
3.4541520636962835,22.157642216868325,-39.74679641428506
7.443189336844497,36.60877432272023,30.4357062704616
41.273204015657186,-13.773718803299788,18.43545517582564
4.914409078737123,-42.91680370556274,-15.377915740992412
12.445116388423905,-13.278519340565053,42.62030155793221
34.44537923584969,22.12279061534447,-23.97634911196965
-45.166277111173684,4.099339718487955,4.208546816104615
-43.17521199998287,11.823484886466622,-12.60004936146757
-3.3239786475372988,-3.5000513122524715,-49.44402541485168
15.31610191657983,22.9044739672327,41.157675787344566
-23.216504746153568,-22.41005228253396,-36.71824319198088
4.221632946154328,-7.26753167656267,-48.035807634835365
2.9068762889876467,-7.673242368404727,48.53360103279469
21.76310395567286,10.054633438037115,-41.88165504368223
45.06169222488241,4.7503781456501954,12.512608747799543
24.25056595468904,40.82905823679579,-12.841081048262417
-2.5672570150796505,-6.366618574424124,-49.056245845291286
17.75362639548223,12.60825358255948,-40.79250828167985
-3.9216012901661808,-19.900123709010277,43.44559617830369
21.643655661983352,0.7575653028443853,-40.96747595929591
-37.48034433858332,-25.74976851490051,12.845903369155073
23.326290661537286,21.38412457770936,38.59699965175951
45.61568898172835,6.610962718888543,-18.518688445524464
31.24904718382244,27.39516001541741,-17.56527595863279
-28.896789816063762,-10.96740936373249,38.546171762630145
-13.936250422300475,-11.429014821274075,-44.34597915597817
-8.62066147622447,-27.29515686118062,38.9924983629256
-0.8117045470579193,46.352353637945775,18.422656345362228
8.286316260669631,-12.09955937089464,43.6417752291233
30.07307714798278,15.784679079309905,-32.38306525981735
-14.266772746941244,5.83054939832302,-45.57889128834654
-7.315832105766449,-47.30062388580229,10.933417873452175
4.045827362176977,10.274003047318011,-47.01705534223814
36.910235903249784,33.46782120429431,-1.5019921133473857
33.84198944982543,-29.768292892710036,-16.39820419201242
-15.505347491707242,12.521453125673451,-41.853924081154815
-4.110245407438104,-7.974690188968051,44.208884275587565
-46.35053639743101,-0.09279455364903404,-18.517292859737044
-43.36677807839392,14.085253430651763,-11.508627213719413
-11.61501307673208,-44.716050590252685,-6.349934601807384
-43.21951964451002,-18.883369225084973,15.174641566128308
-38.64108926101568,-22.923612202472036,9.451770690270607
14.01599124965897,-15.566310196668194,41.5300061566528
48.867257412819804,3.0580254058300653,6.892061344753337
37.62855940265588,7.492368187443131,30.59843832129116
-29.213152119657536,34.19134174316874,-14.98469925731653
-7.885649007111074,44.39927032031027,2.0080873631533884
34.15376260399069,12.350156406637298,29.41675732370738
-26.138433668975164,-4.4738089505384036,-42.13910812584222
41.78523798219622,1.0071602842519694,-19.726272228266676
13.482014990318033,41.37724183677252,21.589596103761075
5.0816776277740585,-44.67818292690077,5.858738014230962
10.509827854284689,15.035070446498256,42.57353515697489
-43.743572100639774,-17.345473277750955,-9.379934696345957
-1.5326781329596662,-25.136062807886294,-42.384185707210584
6.986892231533712,-28.4970813261013,40.28004360128131
-9.286412587861946,14.449738870904781,-44.628569429501695
-37.404625164644564,-20.29690822028773,22.777623501254467
7.326690699918864,18.495381871995384,-43.25860479715689
-38.532149207627945,9.521908146585023,29.007875862104047
-1.3964436589453268,4.954715772250546,-47.368871014475445
-18.106233509084323,40.70718560278711,-19.77278362101375
46.83670212576012,-4.232773100598885,-4.022681064975171
34.05836604226151,5.907729022856632,-32.645879033951225
-3.0090871610872,-2.091710100485536,48.482064828525175
-9.62445928325826,22.96629120387602,40.46767168872449
9.405966552037073,3.2697423539574224,-47.138888772372724
-12.720255449470645,-38.37650826713437,-21.02208456218799
21.57463889725575,6.00926082676433,40.90592620425077
2.0667011942209914,-2.3475797447059406,46.380314003944626
-0.5580360741819836,-1.268711734194924,-48.286863202928885
-8.3792206534868,24.10249368520659,41.32871536128255
12.10365886532491,42.302717425381786,10.259220673813218
-10.711289811273794,-8.231892260470913,47.53934004061547
-12.953444973244693,14.707280978540906,-44.97246110709255
-44.74635687025139,1.3327419809476082,13.340914281713681
-36.49111132349252,29.631372945624488,3.329777781453911
40.76030773434361,-1.9723162785925956,26.715678650659765
-32.29723841762068,-2.8773209851592982,31.49858847592699
-14.7959068312549,-8.194144505296654,42.408459832185976
-29.498645849446646,-4.624281687313381,38.040292455753175
29.89841599935897,8.696459068972928,35.42945566905577
3.6815661277225624,-29.11341390923152,-38.74363680877759
1.3240515136137314,3.3283256244115114,46.47859222545516
21.95073606927548,-13.845795726432783,-40.36892300850522
-5.87700957495299,-1.5824364655704646,46.32793496793715
10.31506559449169,7.339242809038174,47.976516909498216
38.43314771954402,-26.147423466432972,2.592634464132776
-3.4445841956610646,-2.727068791330801,45.73042694625431
-2.38155011782159,-44.18911257494586,-16.88289803620186
10.956753926699971,1.5011068839269825,48.35556224391222
13.679048174952673,3.643630903511946,46.22657116247086
0.2200908939347149,0.1981290042433091,46.830410291313115
6.212948611834154,-10.038424630950312,43.943074826590646
-9.453876864275697,0.48358381602152295,-46.935448686756565
40.44823022984278,11.967040403535842,-23.69680658438419
6.608977571680347,36.82816431559959,-28.284526780474437
5.04483071530898,-42.418271155381696,-20.32593277523354
26.56623136022903,37.25879666172432,-19.710759867534524
2.4148060472016586,5.442319455206406,47.160550975631125
-22.984009871658532,-28.93724966601456,-31.41431733366715
-2.6304889872405144,-4.465185789858875,49.51374255203618
5.79836216519016,5.9585709614903966,46.25907563330458
-22.630141886827495,29.10648416822091,-25.825148992142957
-41.67504688200903,23.485038306887006,-13.444538425068975
28.447735193178758,19.659554132983068,-32.43144160649627
-1.6811231690355584,-8.782819086609926,44.79959069269253
-4.830893831031956,11.10208914644171,48.05836778212377
30.723964066379523,-1.2562654966954545,32.927555706020115
-36.03114024306718,-30.19312901265916,3.833197523261342
18.899635721637488,43.18464620497333,1.580176847873772
-30.409289080831904,9.933977028404136,33.53756596685598
29.761473113940042,-3.862655843241539,-39.54918974176448
23.6257817774542,27.05648700241451,34.67550292280864
20.174988795017985,41.585997595122436,17.073475746531592
17.884030115303133,41.37085902541173,-13.412465156336246
12.382843486348662,-22.72545889670546,37.605639474406736
18.08544121997431,29.063262057498644,-29.406096769631212
-5.934152240459218,43.43414999951246,14.555273849854727
-16.418791926335928,23.779722666849903,-35.850592634176394
46.24135080347436,-9.640170138311838,7.237611033324233
14.300460163686587,18.66415691405666,-42.77203043368914
17.312588477430893,38.7547236289342,-22.974950590142125
43.70681784976803,-17.190561720244926,14.146415157012473
11.995262127898691,43.512717162320484,-7.9914356646702895
5.9857664438715785,29.84883786288253,37.396693817059
39.77723138980905,-10.614006920423021,-21.843816956933207
0.6137136817630232,15.368324824169227,-45.773054072053114
-7.420800465922385,-33.54887074869927,-33.136486749332725
-18.241242442577565,-1.5992721596408814,44.56648119486213
-48.83874955307138,5.340980338171433,5.968510890112528
13.016371255057742,3.1982728139422756,-44.3359394851347
18.604121614982922,-19.255181264043607,38.61544505524115
19.56416067976941,21.02535348585869,-36.93536515338518
-16.55957227371017,-38.86797232225706,-25.236683188773643
-17.09487795015342,-6.0840576610479,-44.80093334523744
10.790734785858971,-11.060877937211382,44.84586419985198
5.949232665236706,15.594549050483709,42.84094789074728