11.616760406776143,57.49743234504053,-4.944146467464477
15.962085923685748,-13.09527255064335,-11.369300401242674
-1.6776187065282977,-7.097018679475382,29.096438972034843
7.374068775593201,1.4143877718201578,25.36913387927934
-3.0363876536423917,-51.154914526802926,-12.941483891871059
1.527283085360087,-83.8356086622038,-5.009688341595478
8.074562250750178,9.816042276333084,26.266167514319847
-11.73872282584348,-12.653155895881348,10.098247028376344
16.930702562505523,-16.75681136318149,4.881941518888594
0.06680973076326457,-4.992814329231999,-21.970550228061665
9.191294480904242,-12.988561085827627,14.184116767938944
12.737863773408957,-53.02824888613064,1.262030254688526
-16.827472513611518,16.14959734339284,5.50265463132521
-12.949438173949506,56.88220655396147,-8.603481680169745
4.01045854207498,-20.746477096409752,14.62407791158836
12.745970839759767,24.37587412403177,-24.528385110627756
-25.67325173170169,-21.023449253671206,-8.197129502394647
7.916707150665767,71.77535136609438,-6.259639403745644
0.2951228453704686,-0.46082937640108923,29.368882795733267
1.1161645345196483,-65.11414499489426,9.708009621761358
-0.5535916723020946,-59.49056285655933,14.008588625133337
16.31140429500441,-62.9430428384031,11.310499634430036
14.451025582831406,-36.29787943545246,-18.481482275476285
-8.712409287868612,34.9263872315685,10.609733209856737
-1.1448755322207058,14.848684411197864,-21.032032292166722
13.39653691530097,-71.83342164760569,-7.662927271280485
-5.269322279296853,-79.90414337726692,5.44485392623004
14.804683144041858,42.23836306943312,-0.1269683987782464
24.2153686090142,-38.19584881819296,-4.081875357431588
-4.785223746285049,20.583514878706282,-18.181380566464984
4.3249939113759215,6.706179829799069,19.02005767299445
-3.5905709059957696,68.32886924442725,8.532628146459237
5.826810978058332,62.97528686739817,-17.87048783430702
13.292036026078177,1.5010894034972175,-9.210170163724435
-2.7040392677100185,19.814991770542676,18.199791912193376
1.2046827570601373,48.60435727668163,13.252995039479288
-4.362076007555053,72.35157073944343,-8.324347238509723
6.878670463330791,71.2777726302152,-0.47164701843653273
-12.8577133364419,48.80127772645057,-2.8656788787815386
6.861574342706645,25.94000079675501,-15.417328751748213
3.8996786346293977,8.750780597821471,24.242425425278853
-3.3826952211704264,-76.00231328645614,1.6286760937483025
3.753318408598886,-80.54883342439764,-2.6749357581430853
19.617362095125827,-47.16867388170535,5.948674715418956
-5.522690744972047,24.235316274366745,-18.083260163378014
-3.1733197370363078,38.38363542370766,-17.064020235994548
2.4590991078986226,-18.520769521200364,19.471391359974074
14.916672807187728,16.390106006433037,20.144040562441553
1.5795509243421575,-14.971567171545978,-20.604694790266574
-13.665866648975681,35.4352901352984,-21.72553985877017
-17.40972280907286,-37.758636786705225,3.8266300892792735
21.113745882576815,-14.01473896559096,-8.816994914925727
-24.754836309322226,5.755185795900005,16.750352958758462
12.500677425967755,42.25789376362659,17.904663805420224
19.834610320700175,42.02824600538673,6.72291457820782
-20.94204799264116,-4.44464366387357,-12.672198195581025
5.551451263258653,6.9023983104799544,24.369162381685058
0.5046427605043373,-0.3855213671553209,27.175489606440514
-16.972591688777925,-28.539948693898523,20.459516200217944
-3.811156550114035,-17.397600231786644,-26.6938933516498
1.6775282593923755,-76.55288834021374,3.6587806570991264
-6.282939673535871,-12.963033302449,28.2537252627906
12.47029135383409,38.482817375553566,15.621502108037939
-20.75824896292483,18.675417426844632,-14.683886836101106
11.053253060116612,29.58704270709039,-24.383952975386624
-13.903570980997852,49.11831149961687,16.658950138917394
0.08087851651544001,47.50631381019136,12.895480356116659
15.15014878549618,-22.430244297429237,4.860558020132605
13.08300160574736,56.42286568607587,13.425601342920007
21.513317924143923,-42.59351963179957,-10.107156511613532
-13.87707196198657,-52.16010107176203,11.408439601739758
-8.428750599503008,-37.41227062020408,-14.480714638985939
-12.741075851588803,12.570230026904527,-22.11003091056263
5.417269052024806,19.012045653468235,-18.908522557230853
2.5503888281331446,-68.05598319763114,-14.148287801524106
-13.184913063513681,49.29632715962188,5.283240773310078
-2.0314722242949808,-84.46524478090585,1.6303528893491612
-9.677571138750345,-71.77250444235061,2.16626116521637
8.056549047256443,-4.073857821246667,-12.875540234453297
-18.231865364461832,-25.56889597832163,-18.820132923682763
6.532800948263391,-4.929786626960268,26.893058678169112
13.76904457575866,6.244228838497154,10.909660472120198
20.269339532690044,13.083014014898747,5.988918956606863
0.6810601114539294,-17.56197803622371,-26.72044698158533
-11.047959500916038,49.5005761231376,-18.86348945199496
10.287342854284903,-21.3803323206365,-22.549659262591785
-12.812341050229529,14.18454655051544,20.507037003278683
-0.940122866672253,-4.981876315261738,-27.93675594830482
13.999635299744725,45.53319369751764,11.561074476583364
8.214015735057215,61.355101589770534,-14.14897159522988
3.623945079023412,-14.382433626342682,-17.999169373273038
8.027084795049962,77.92861545871342,3.9771937242187483
18.630000858552044,32.929983089488225,-8.786892782422287
9.53585492831789,-19.072821989191237,23.3941271968883
-11.13805024568194,-44.15158601158755,4.885752181380714
-9.980211232774675,-67.00467428108837,13.089653581384404
-0.7790864716489524,15.201681535883084,-15.920920597808143
-3.4183889236268565,43.977355719189774,17.948377822380994
13.429450862858033,-66.15978115179257,-10.152786225464974
-4.151298840672998,-44.489595893495604,15.048525196171742
-4.788726182891054,-45.743386704218025,18.874477462970567
1.0251880606150372,-66.77312211595314,8.848607381413984
4.356652782134152,-8.348702018806998,23.050297833056202
-3.400156130757979,-82.11844996020922,0.18624518995950126
-1.1225829606965303,-7.446681087167164,-16.87635723562011
15.8043130388794,1.9205885757788814,-8.06269248606986
-0.5904791037191743,-2.3604443143633445,17.62779670463403
-12.216348626974932,15.30145453978739,-26.29360328555895
5.443925418472681,-20.56391857904286,-17.75998104567274
1.5635043833705184,68.19562812637218,-6.4974326045367965
2.8838342352335484,-0.5828589693286859,-23.379474564405108
8.959070000768495,-44.24115989053493,14.132124740367527
-16.95745834504528,26.06929549729381,16.545678759447366
0.18568838526102258,-0.5366068763241493,-25.724860671927548
7.507025974751642,72.77225148412796,11.231761630027526
-4.68644869407157,73.418587133341,-2.878353925626895
8.737539782880667,38.831469636276786,-11.003153544346866
2.5226297030890588,70.9617917009852,11.702423783996158
-6.8754801454036,-9.364025595238108,-16.319168306933406
-12.187449456972084,57.73690650874867,-9.417405862185525
-6.506792288592129,12.485699815930488,-13.833915017018237
-2.6833555774087188,1.591114837561805,-18.258174613879575
8.31076053127928,-59.01534184707778,10.488129167822388
-22.009892708942782,27.642135894731737,14.89112471351365
-2.774070189473889,32.95316086881915,14.013885814680036
-15.499558927591451,51.70535804811633,15.81295330665089
4.595057016404316,60.21933565647701,10.853488721521924
0.564400195730898,2.156742189139722,-19.976334749160934
13.644891913733042,35.91565007410362,-21.9810878396762
-0.8072249373252879,-0.8758709294992689,21.885170285080992
-7.7530903950559065,3.370123388482996,19.848909326402527
11.966847504821276,-61.130246720801054,1.2089534859730342
-4.633550810762189,62.3682677078941,16.973493324705498
6.5276899936632065,20.384932924138177,-16.896492154420642
-20.712386299896025,28.332210067797824,-10.590013682115805
-11.510563200294436,-61.353986332237824,3.218585206245898
-1.0193316375262071,77.72974235205533,-0.049794693776167236
-2.810834681015463,23.738893226202237,24.617285797692738
2.4186345934288727,-7.057078836215044,24.920197190567723
12.725498715829621,22.741866662162103,-15.650802256974405
4.656903592127605,64.96995438407389,-17.044516495006402
13.557119271984567,-52.35964387658376,-4.331540839128946
-18.62831337583257,-18.345552615439587,4.3784194431426595
14.749387111282772,-53.47827418539083,15.809722884108517
-18.36340096723257,56.60563339342948,5.867552039857618
21.030747756012154,-2.9336303259487586,-0.22407355708676796
1.2151306244709357,-4.232434876496087,21.95963181931782
-18.028974645776177,-47.048158859463655,-4.66430012206157
-3.1654861807833887,-10.974666141012316,20.319442932864664
-11.384473378619832,-24.503320207776248,-16.892400628779303
-15.24641953202197,33.18433284855877,0.7502210100503193
-1.443066776782826,37.36296091684183,23.498254285953017
-0.8230837683255136,-11.734915661170026,-16.99475567955333
3.6600584813220025,-46.43408030543847,-19.739472094603656
4.075421119697976,-24.053465079681743,-28.189880549143183
8.064827151205145,-27.04021516084898,-22.328936346718773
0.7317198806547629,-5.900937494034811,20.378464226666328
-4.691241168215597,11.3750202579695,-22.380642611596645
20.26628543485545,6.922570616165714,-20.691943683516957
-7.592716168157532,62.19172975528582,11.49607107481311
-1.4074443324679475,-74.77180820717552,-7.437523453910574
9.735283609756832,27.499624408856832,18.71713910522005
22.06949695338277,-11.024041394895486,4.868788356766675
-6.246911031076775,-38.93842814015883,17.26861676717178
-4.005042303138404,-12.325763165992846,-23.09233099148919
12.968216694656697,38.91936040798629,3.203317567005202
16.29936228824854,-45.54272512269627,5.560578972063895
-4.654271935632236,24.325566376142937,26.070711254034766
11.272089768859951,46.21999692419117,13.56308335002196
18.639871649103167,45.130676621634066,13.174292976413566
-0.731276476311656,8.907653769889137,-26.047519317980143
4.961626186737381,70.9149776084907,-11.540272169182007
-3.0455886637454923,-0.3560474326489578,18.636671064217065
-9.28512884198867,-59.778100842924275,16.367054587367786
19.090988333287655,27.17740907036147,16.898996780168662
11.211086740030085,74.16036444051342,0.3373139693652633
21.700183927113752,50.000013809967754,0.9523968804484227
-23.188235622746944,34.31563512507846,-6.736552358233195
-12.543243245678763,-53.59556556182157,14.682089855966293
8.844536745394244,-9.349304027145186,20.809407187865073
-2.8284096144768727,6.610935227366922,-27.41666313780491
13.273309829609937,-60.00372730832454,10.594435903700633
-3.828361451217928,2.8119464743558646,-22.424843261767197
-2.7333682474445387,11.714328025897288,21.415380475634585
-13.52849612186676,-42.09872506704786,21.929289495903586
7.097116443233477,59.69979700639634,-10.434073799253936
-3.1795226371165213,4.003479039583962,17.607041970042587
-7.436718532636408,-49.904677668505634,-10.955873245099673
3.5491364661130005,4.621987392217061,-14.942906225071768
9.443633374930565,33.38764368346243,-23.634784222930875
-17.521637644190243,-41.98939128135424,-11.284315921195185
-6.720458783807668,11.68652462741789,21.51212021015345
-0.030737707873120947,0.2782968986265404,24.030577253326488
0.7309137457691919,6.130947722386036,-29.44109047309944
3.6846541071088548,41.096688320321654,-19.172551828950258
-15.351351500874173,-13.155606767270237,18.292084929734997
-2.702363809335462,-69.1984242283027,4.381717338162574
-14.867070266675452,-22.707080236469793,-16.41812986044626
-9.008271210536385,-66.0957049980886,8.857212172936121
25.289152188488263,-30.068019720905603,5.730680554524342
-17.032070382091305,26.35508606762365,-10.209088713813752
-26.743842726538116,-5.5696895345441675,6.285195257615997
11.523281821031977,-9.1750841948899,13.436117041100747
-9.124558875246322,75.54659890211624,-6.036059752141259
4.881321679738065,37.11635900760164,-23.116838441896533
-4.069799411617442,40.10573695459858,23.32509326146726
15.995923846086132,-23.06118861350233,1.8635677629709522
3.2492976272941214,29.198569971086798,25.613496766101026
-8.41529347283868,-50.9310534737947,18.647432832493347
-10.573840596456696,-57.96269864437232,6.831732569991873
8.265184708163995,35.30974619502279,10.470337649085428
8.820063878687009,7.470482908110213,-28.003394269044136
-16.428497494414458,-65.45674444060388,1.2516798496110495
0.10914975174289901,0.21099303829724353,25.747393704342922
3.571105826062775,30.562040991442124,22.732170560712152
11.334828550348794,-6.416014399564373,-19.97499792703249
0.037475935952948174,7.220802709296035,16.096223244107417
-0.735347083105587,57.23366306324021,10.006547920124488
21.1903344377463,16.528570135343745,19.122020622506565
-1.8230572740875204,-27.575788885043263,25.065651736719392
-9.458991378394021,-25.508429595968515,-17.6450100258667
2.361935245356995,53.933996958350235,-14.338069710643126
-4.5114583331122775,29.014029783273408,-20.882954818277515
-15.710655092625299,-51.01851970053928,-13.482827404880833
13.105941819145816,2.2120275288056273,-9.573808346820998
3.0116502894173367,-33.534105658013644,-26.169080069045826
-23.531520137737598,42.95155363082311,-8.440187578872912
2.980406794065195,-74.6995171338848,12.271592036592967
1.1558569327558716,-0.765058503911805,-17.154416335756817
-27.142804904683658,23.935911835072925,-1.3900058213419548
11.329167451453545,60.07121172981146,-0.17046624543069316
10.827107864598865,38.45654539051667,-16.906624321647683
-2.77134285205664,18.477057767205114,25.45318623242168
-17.282556045454612,-11.499303004460566,23.29730888533702
-0.8643320841894392,19.83621593353003,-19.204928439296594
0.4687163112388677,24.71059388488766,-14.532786494309635
-1.961140209965085,5.739276188786426,-17.01051746003606
-9.943480140180254,-34.36913341648262,23.91100397770697
17.447365341134596,-17.845342982984732,-17.143963364051018
-16.086447167181827,-19.40078313460486,16.022396766795694
3.052022122114292,69.53885287365274,-4.7588967384478
5.658173702860391,-14.891388881740273,-20.797794082026698
4.148352215792058,10.377429833494281,-26.331611888558484
-12.875783781595377,30.524664720460454,8.327366951555298
-8.95707414069874,30.06963201836847,16.23734023873336
-14.902898090231549,38.16576600853633,4.043312888657434
-15.418565113966007,-59.6140627441259,-4.980735751216541
-8.234547683896725,22.09037711170005,15.242707651432742
8.349992703943569,5.621966884000601,-23.841349798591157
8.530062410482179,-58.58670212933967,-1.8362339988501999
-2.821254837554774,-42.81963964040496,-21.83756440464631
-16.243958856223355,72.9200913603154,-1.674181693805468
-3.315432874063972,17.281042320663634,-18.291812451710424
21.983482269268933,-19.608103855484522,13.254511794243697
14.056529039644445,51.56673197187077,5.174557484126014
-13.024854551154034,29.611974977337905,15.670623589280686
11.003321105634857,-12.399762638072716,12.376827676567645
-15.458624059581776,-37.688270405471286,-7.415722325359097
-3.266600313753433,44.038999854100574,-22.472601029219817
-0.4915501316280108,50.3294736203762,-14.399101408928109
-3.5145325644457017,-27.08236063342216,23.466269157517363
-3.395015593361845,79.44503478279039,-6.962686572934536
-21.889551066548833,-33.35065237810502,15.299035273875148
1.4635325956621101,-20.849865673552557,19.369971833603532
8.39221259359368,8.259043841553972,14.57788031647465
-20.67232976597095,-28.75975299953386,-15.510394463918917
10.640657260186865,2.572751388422903,21.675532897301636
6.033361814925389,-75.4715923078253,-6.299948953089943
-10.054315376471084,56.15069770234502,-0.3387561104711966
-2.5749306963622156,-20.393251325325174,-20.080487619243982
9.951909840095592,-29.460688646286297,-20.316154537826787
-24.50460425804048,-1.1345511139292468,7.7261731529851
16.339255692301766,33.91480726087792,-2.2030216142402095
-9.618784842968543,-47.28304514998804,-18.812596249447513
9.54168061767741,63.46183362270185,15.627939933013463
8.314517179608112,45.51736444142473,-20.352078013093696
-21.872743608542176,-13.017419879141709,-16.79342727672401
-10.887718337160164,-10.96264632701656,16.126577417122718
12.674780705071027,-8.281173463391534,24.639052284965885
13.309171478417161,39.601629013474266,-11.014244505176489
-15.619584175484071,44.45864613937794,13.762046865854737
14.681484828348292,-20.437795476915348,-19.433512866569558
-1.1396213065367378,15.382133572332682,17.97831904987849
6.032900686338408,-41.27997090820696,15.416077113924903
-17.87443783546598,24.77259160658502,-18.265745312489717
22.670086055601615,11.683707675474151,-7.259206018538208
1.7554997152046607,-7.43041198408543,29.397477259055325
7.174602028931792,-59.90047428081661,-5.14639521684314
-2.88514456524219,-60.632050232216635,-14.934169953263357
6.968124497214919,59.601659244447546,-13.412328227332099
-0.5317719574865358,-8.296067049129903,22.18268189975665
1.1328156352849303,-3.29112219542395,27.38913289229969
11.066625511655456,-21.42070972637666,20.854742976653547
8.041340453156216,-64.25988170906876,-8.47069798940712
17.628784264041947,-52.08623954528747,16.09148717696198
16.774552604725937,-16.010576772882995,7.866480497470579
6.294501892832731,2.034686274300397,-21.139411420553095
-24.087174976927315,-7.446477886858664,-9.638637869914069
1.2258762778440035,3.3768935370213478,28.145504692660047
9.108552095468763,10.83490292247567,26.022867815088595
-1.441966772260494,-82.40783980341723,-5.782610929943101
-14.259419112629732,-35.14896000487224,17.217065728044144
3.052461369289335,5.677944283377747,-22.68551177565135
-6.646948494445233,-9.27949089712745,-20.8890068318656
7.814390322324225,14.42157952570429,-25.152276182322954
0.46619161757805677,-25.907763025328038,-20.604428174794464
-5.7115501474518275,72.15169824224294,6.6264378872976355
20.854785253480976,-25.54778710895301,-6.092016189943244
2.694397146447761,-28.375650985452676,-24.424914638394473
5.456373261477029,33.64637135324205,-21.434996915286092
13.713372162166896,-57.67549494904724,1.3989348692019614
-21.816454353128158,-29.50659612746574,-1.2699819874819749
12.177169456294868,-30.208040812613365,-13.74389257980368
-11.34609303300014,-32.98035452314605,10.952463927183475
5.728601570271438,-25.46674740425539,14.326406559983448
13.504815497309062,55.38803305574218,-3.6291882336553116
8.456600203923651,55.12790158492532,10.15620422999604
9.46438159428908,-78.15630296441437,0.9228327026755926
5.694785568367388,-34.94781004341395,22.17555810111217
-2.819303165281774,4.219660038637618,-27.87570689672984
-2.352603792221578,39.94872517268587,-23.99809818147026
-2.886836375572212,-24.041957245033927,-27.428833234997818
-15.692803513675468,25.028237791602063,-21.105580183284214
-12.987973275553681,-70.97055581478189,8.157527834431061
1.0212329462150092,62.930119874748705,-9.74628663488765
15.650869754058878,9.508287939037293,12.660222183511118
-7.876715210639486,-18.01586090337355,-14.28657033111273
4.767944096771423,-11.787212851801957,18.346208855311772
15.588177048826086,27.887458161420845,1.321802276627383
9.024905812977439,-4.886124276831698,12.533321200452908
1.5568445858476243,4.852556235317274,23.99178074518468
25.798359103577514,28.213242970766522,-5.833269075309441
-5.534100283678155,-39.27698451920316,-21.924719507546563
9.55310978503564,79.82161673310061,-2.5504718444451178
-2.81646982839106,-55.386657844198226,11.083475981905544
-12.054067420125739,48.21113566943852,-15.460950729825498
-3.8404981839614583,-36.97098714794556,16.625244269932505
15.923578668586522,25.49382204512991,-17.638438316067226
-4.623873274979044,24.472940621960056,-15.958068771029508
-10.984929477393992,-4.348983984897906,-27.703717496381653
5.530177345180571,34.36167706178235,-15.633104535005453
4.152701957921344,66.36445370607426,4.561628039221925
-3.1197114036704736,-34.03707612854395,-14.202468222655822
1.1229702778206965,-12.002987280042609,-22.44021371056482
-26.585709528984463,13.268557250454732,-5.907442578334226
-15.016413198072932,3.134211246638643,-9.164303497828172
14.527236017913019,15.315926107027822,23.718461863676303
-1.0278130437127322,-4.340354065547387,-26.078622246457368
-0.4694778701345399,-23.566038629507062,22.01641204341689
-1.1606023895648139,7.29240253216905,-25.057267921557745
-4.853953661046832,-29.49565909043101,22.002284018738248
1.0028357891930446,4.767090548775536,-16.91667266073848
-0.7874481718749187,1.7903779579816208,15.23840539129305
-15.455806620317617,-34.633874465676506,1.686503664198375
11.912154406226605,-43.96159660381197,-7.864267463374963
-0.0187958988301687,-36.21033481805636,-24.715731968447017
-8.661785528446593,32.35353060249971,22.947486088500977
-4.623452356567779,62.35526288292313,-9.150310590540826
-10.815334080219545,6.567256224579506,11.960381647791586
1.5718600249954089,19.106949295898996,19.1312479726652
14.40121557187857,39.699714751995124,0.5176489680195475
-0.37632393185009283,0.7766439096455711,-23.579755599950936
0.6927685479842495,0.12988794142635185,21.271688588417557
-13.413746328671833,-11.974956586928046,22.13170657037613
-9.224716256019168,20.212390415070992,-26.47049075611595
-1.905396516865598,-75.50176370325913,8.478702347577064
0.21216479340428573,3.092298910361364,-25.287637769884928
4.217608209622,-20.15466642832024,22.861698193857038
11.571554700648122,38.63816279741954,-19.0337935985741
-3.2180795665704185,86.33137594408815,-0.5490289871925585
-1.5199645943616824,-12.551983354912116,-22.602534176273185
11.621277045757356,-16.394158855251696,-23.794344191183313
6.090730192992666,14.612744633798888,-18.79513731874658
-0.8901263831294473,5.211127045362995,29.07861187018838
-4.851958592405969,21.41563177248349,-27.910922143399965
-12.025417983838997,74.562658739218,-7.000452785453047
0.18075474756403806,-8.724668438291518,-18.798462058182807
23.282170850529702,-12.220332438140892,-9.155949358645229
-1.5136812474104835,-53.56910511142253,-16.251116992096243
-14.056617629135037,51.03367999104252,-10.24553677588981
-3.192320133382196,-39.04164103557028,-18.01563782553128
3.554474647811476,70.38419908689016,0.2402277178781656
18.97682162264938,-16.95012283201994,2.9535451252794256
-20.019233609551435,41.13505129231184,8.661065020011371
-0.6026593391541146,-9.726360925157342,-16.769753134502174
0.6532886089176739,-7.616921448957483,26.62333671980784
-14.172896302109445,23.520820198234528,-4.87301872947117
-13.093216949666042,31.93676259899451,-13.320767022125422
-3.930735233400542,-63.13721509352784,-6.782966289373455
-12.643048326008085,62.10775023856368,-1.6654276758124402
-6.575792601141374,-16.660962721177018,-25.815520645679506
-5.381718428885742,3.9448137733953677,21.232147446383788
-5.623928475296407,-81.90479273683735,3.339093658147609
-1.8939468888526922,-44.47338208285122,13.798934517262147
14.169038293587576,1.3188949675790131,16.104269433040376
-7.221811994525184,74.58764530180962,1.2611004614273003
10.226467778068901,-58.914664160722985,12.275010812531507
-23.637860860808896,27.851974225559005,-8.653058427799234
4.301220330967579,86.67685142993189,2.5782273113721046
5.872754349992686,57.8279991593197,16.72776544135829
-1.3489106486494744,24.318914777208334,17.580173194472252
-0.03722053063968742,37.37449271761028,-14.76184720378339
0.9549651014713797,2.2155911193850084,-19.01805591260451
3.6228103261725764,70.83568007185941,-1.5735517304781708
-3.64042295622433,-81.3625726559901,-4.961685054507839
-13.053135011670623,57.19471381538254,5.0038986302702835
-3.930567036248208,36.351788837895164,25.51642948604248
9.45739803350547,-61.29025632196229,7.000752446830506
-6.127088897856093,77.94087172360386,-9.533620411474983
-2.4440089873887416,79.08553698393268,12.374702250877789
-7.212658409846592,51.653229927412376,9.565636669519817
-15.464545707039404,-56.46702299800117,-12.086213416964311
-0.6191182028866931,-1.0513681092617428,-29.10441545417753
-4.463835419687044,-15.349688809934669,21.747227676665027
26.742438078492647,1.2360241795651676,-2.484516776261129
15.081606597998084,36.968101199603204,-8.91896867578425
-8.877064595399949,40.46930935806567,-24.649355766555843
-4.785456721153207,-22.18149547457374,-26.458695166669326
13.7018092366676,-45.09362982522901,20.591797794257612
5.488783343504345,-5.016148738027089,-16.705304484241434
-5.226394599853149,73.17681558474649,-6.097020640898214
-9.5050813782713,-36.77332938776987,-18.424311756004837
-7.486433148209983,-38.852471251460386,22.989088771889925
1.740351606943341,6.329885505906599,20.316962841836045
5.266395568203617,-3.3527813863759013,27.747478356639085
-2.628901726717533,6.199633308978057,-16.368025488846996
8.56272318194518,80.03471287200347,-2.1151066059153902
-5.862714490991053,22.21972672574718,27.634186088674298
2.5207555775024457,74.81047373926643,12.237861720937772
4.178627750581325,-3.761930888641475,-21.623581063593413
11.599525480518357,15.6841372401842,17.60280369450568
-6.252502509121445,-5.270443534853625,-14.335779244008698
-2.797128960923536,42.138689158394094,21.46940871344073
-13.416340875776577,-67.22050708611435,-2.5023362810008574
-21.825111339249037,-16.641208217809478,8.74422260805481
13.550712997264824,-47.44045372486526,12.538314639623207
-1.3942947141955278,11.054736547542554,19.33853472387443
15.505954141336714,20.55107253263264,1.0109288086067918
-13.482222908047296,38.41069487283271,13.88114092078621
-17.229070995643923,55.54919723137799,-10.845623430601819
1.4522642914792276,-82.27185238035415,-7.554787289624748
-12.45680146962053,6.652701431190287,22.31288504519966
4.396500252955872,39.96268154390916,19.38617671633898
13.036440887800705,48.74889430826256,1.5907518003278338
13.211593852046615,-6.303135047458722,-22.56515270837857
-17.768265824665978,26.25129108615935,19.844955598897926
-9.825141532991088,0.25763876190257085,-25.91620799237958
-13.11014515343042,-21.518847201408327,24.755739816116716
-3.638290253879375,86.92550600279986,-1.3455921177711117
21.395238784394383,38.89956485588037,4.9107340366978445
0.1422966987369177,73.2039501410246,-10.997788087649992
0.6500958642109335,7.112401655921137,-19.786916625049322
-2.87548944902278,-80.36341530369388,-10.891909437672846
-22.58670514232676,19.94464148062651,-6.320507269512424
2.2451173035960528,24.535773940270516,21.398506670630717
-4.257653440428311,8.990711862160587,-19.82300017771499
-10.918207829026093,-10.746346954090994,-14.12607440194218
11.63243261579136,33.13685619515342,12.95868901193018
9.205310644044784,22.23898612998372,-11.695775097785207
-23.71672597875786,-5.324383830128767,13.081659949124322
-10.126098788968115,-73.79847393346309,-2.523043364274045
-13.91300368967285,44.23958951942698,9.368228869866181
22.70425572818363,3.1183434791406945,-11.530744117441436
2.6384904755926883,14.854949039500234,-20.152920855263364
-0.05930687192474034,38.679854550137335,19.342070077605207
11.046416209135613,-48.7358116171464,13.829537337110262
-8.562782898540897,-66.76857486207172,0.22202855925042678
13.431162506527787,58.23334795070691,-18.183299211116218
2.244643351016522,-16.01172941047818,16.79053975346102
2.1141521880645318,70.68182819340223,-16.24470480261108
9.036446883144732,37.91464966512647,-9.337700042128143
-13.933959465629476,23.603542392887366,11.842724281079064
17.564780343845634,-19.373283158042575,-2.5191976214939964
-9.866442383183035,45.71939240797468,-22.289957739951326
-8.671969121026214,-22.88526914670067,14.005796379973317
-5.747638804776227,42.34777652606071,12.361791542789716
-4.343836931980157,-41.01309684809,13.720317205235697
2.719948358686525,-16.219999589779523,20.58659931641462
22.11752550878446,-6.010350149434075,-16.86868024310561
-8.149512668306098,-63.33477440101208,-9.505132521779093
-6.400180869058002,78.4480767821111,-6.898670607072407
-5.228587603370801,-24.40247441906975,-25.140456766568484
14.965198401429879,24.818904810522138,-22.036940992042382
4.746949497108552,6.494599031250626,19.559890368046478
-0.8090940716765677,-33.54818106480431,13.970894107275122
9.134299398335674,-16.8412132603421,-12.097667778813738
-9.740369056497592,-14.046483664662677,-16.32264918309502
-9.467335932286428,-36.33816634081509,-17.563916697604185
-7.229430091728494,-76.98346873550345,2.8346057050101097
-4.942185463294355,-84.13806130566535,-4.014207879640539
-2.0407451584067595,4.640785429311605,25.109568033024466
-25.10374741441932,4.392400197378867,-10.2811741846934
-10.707332676174973,-45.06290024757752,10.33492812913308
-3.384491815217391,46.48147982963049,13.252042565131775
-14.573879256637579,-16.663128264016002,4.495821048840558
-0.4835770911916893,19.767434119398228,28.195522806447503
-0.9895597760330734,32.65432884458819,19.501232539905853
17.529862297343037,10.742014008383055,13.60242828534297
17.18620581809848,50.67011332973577,1.0184942944794753
-4.023155863186124,-9.354484810652014,21.589977649524133
-12.30574748245656,-42.3807298485597,16.941001711739883
0.9391232882869411,-14.366744551433797,-18.90245610593261
11.980687607347017,58.36537450697945,12.114268778428993
-4.177683000887361,51.33934813556753,13.864781941958967
-12.395112829359261,58.65915955783502,4.555123189312507
-0.2853870105315295,-1.5330927422626897,-27.526043903619343
-15.954834015864096,62.1398494994594,-6.172910284668448
5.412653235823931,31.53941400372224,24.228312467456192
-24.48063037896409,-3.9308004557086256,14.458556181870287
-5.092193703782244,55.856038745523804,14.722753658366832
10.846448900033957,-64.4563959295579,-1.120476678851278
-25.61072818954507,-4.690462817127517,-4.073508198417564
19.133484579666142,4.987835712838335,-10.8684853147062
-0.5119382229143826,-10.146318459474411,-20.92395586469331
1.7470306305444088,54.47606930396822,-19.379486136445536
-7.695641575356253,-78.42544006141495,-0.6450317800619746
3.442314411464245,74.50099945904229,-2.6316322208655856
-14.601482212023928,-56.83734143152983,1.0544551478254958
15.806535616648421,33.62140404906887,-10.341770080192783
-8.594103437477667,-34.40616152784572,14.289406167544056
5.30324444761226,39.86548266979553,-18.767687338697357
3.514932836509672,-60.61756054499695,-9.777192622236072
-23.425909652990253,43.72150144988288,6.224864542162882
4.61532468931171,-83.39370808049289,-3.3976694585838394
2.4617103918242513,6.585126473360902,16.573789638635628
-10.174164243700178,-46.35319775335314,-21.102811692614782
12.013468886880549,17.425954657515764,-10.937752950649417
-1.188376189061367,26.8700613887423,-27.18450659187241
-0.12239927381889076,8.488123227087172,-19.440488157191417
0.03809030850884451,0.006869551344693248,17.530210370802493
10.833072726104884,-18.168298109624363,-10.023723264685254
0.018719642265209207,0.20043271983579736,19.002803427772005
0.4879737115596922,1.212260946650412,-23.89918888696971
-5.844305167931421,52.248374745373766,15.667230917848306
-9.805148853316982,-16.99161260009884,-14.505762555824655
-8.148838620121012,-10.5315350642832,12.91278800314541
-14.19236102295277,-63.09560645396647,3.6501685689147765
5.977599665866003,-28.93285817508993,26.161509799587215
-1.3249902438726109,-69.98673802331572,-9.312836673325066
-17.084777184755676,53.822981624851025,6.403551381123106
8.344612257620328,-69.83217939523529,-5.378401395904354
-13.321897802296128,49.977363595000945,12.96827784093255
-1.840315868057951,-0.061944942818021355,29.41954220513118
-6.80094705073495,64.51043798196082,-9.863868564064443
19.29310893871234,-16.180630476727863,-15.71651997706041
-14.393037539827374,-53.35138069654805,1.107434884360059
5.516906203345807,-17.393446326845357,25.363394603095106
17.36320904103536,5.029208835051277,-0.24822831305895032
13.0239133074379,0.2876297482285141,16.042210525149898
5.854563662554864,-6.488620875799919,16.684457215866768
17.510325176956215,-15.90631966746777,-16.080255704490302
0.5136875118645929,3.889904108197683,-25.009998311447458
-5.704526908995055,-81.25471662256366,0.10002753186299712
-11.251274164229685,59.4036428409547,-14.52894281576348
1.3440728154277934,-82.2618285205903,8.773398487342936
0.902640263329907,-45.10876722881788,18.706127981362716
-20.270970089671145,0.5716398082522782,-9.340198072195326
25.32768886120424,-4.185574039852675,1.2512462595565115
9.720661202515418,65.63730152141903,-2.4615073267227148
-2.260108412383651,37.176290905828346,23.71333404497866
24.511547119067238,8.585536720524072,6.533353071648642
9.920671875068091,9.146287161838233,15.826131580520897
4.660140299901123,4.089704102686978,23.214012171194245
-1.0796586037134766,-0.04938623902529504,-17.516048427918246
3.243339992541767,22.883302315010408,-18.699286699169637
7.555704055791633,-64.03732164664298,15.425143763874544
-12.694081474750396,14.79655426226113,21.360542488222706
6.521088686420251,-2.1296258172308367,27.56241871282509
5.525869245600544,-8.984717758451326,28.509088360553946
-10.640530350679429,14.271763004946122,14.101255256653157
-2.4242426399798664,-20.245600922214983,21.612897717120987
8.349313883345733,19.284980160253486,25.27640983106742
10.824725051722329,-57.76536645614563,14.73262757313918
1.6194292749818864,8.283582898177603,16.257809016641605
-7.936764750308225,-0.7389273349580068,-24.919513395212785
2.4967525963795674,0.981970735895557,16.70975207829975
8.49789998333345,39.4336215208676,19.955204230534342
3.757798252077595,-2.5972050034010645,24.009080929755754
3.1860329108077377,-67.27192859115083,15.963127772483485
-9.66553888034102,12.483806414144748,-25.34440730264244
-23.9748198653083,-2.106947408483198,14.13075093622445
16.023202050639693,19.020080521104706,-11.79266843940642
26.880815486278944,8.625273535330813,3.274118041309872
0.7081246781505264,2.399274599125239,21.12748408169598
13.87775008347519,13.639408044908247,13.992300137588405
-0.20413451246805026,-0.575715624876445,-16.775153446092563
-4.136660918720144,-0.6058875171799429,-28.959177162573262
-20.67023066332952,39.105772727946345,-8.767884615269924
-8.268044939656907,-5.867018344120549,-16.95920957686263
1.8045488207888543,-68.01744652642196,-12.305704088886895
1.410739885564563,79.07320466788093,0.6547356063929519
7.555731600638477,74.23601074232695,-3.6636799993668028
-10.230434086524744,56.94421237519263,-17.504790005223256
2.2724893417140986,79.26123238043353,5.749985187786225
0.4115597164404426,62.18570207897939,9.05973284855166
-14.278210659085403,35.3247319053751,11.908890092491022
6.580669110777791,83.88406800587875,-5.026321025601559
0.27327429526786956,-10.752055691110982,-17.74852457120266
17.538385712673076,-7.858748188880602,-15.520654352061065
11.27059095128704,73.9653871528514,6.124320485579059
-1.2081499303829435,-44.77736363617617,21.88971863098346
-9.773186024364547,10.423384161781705,19.667740980660575
5.840363312628257,-60.728855803820394,16.605550690292645
-21.21925307551686,17.419793080132507,9.21843920211499
-0.39900567212625265,-2.671957823845833,27.228425525342285
5.12964281478857,77.01469655428637,4.827367480848566
-3.828393261225727,-36.846025712913466,16.48514339715737
1.284808675085407,11.808742318514856,-21.3973953345808
8.668107706751055,2.590555095265965,-28.491181757653546
0.06265119212137843,-0.023970562411967232,26.615239400280444
3.9046455277714904,4.761545579360913,-27.21489222839089
-10.715868612604826,23.8766619363557,-16.710422604573065
8.199457683862683,-1.986474824375406,-16.94925623925012
-0.10006677464679387,0.3460196001313159,-28.34847587033218
7.175594978584565,-9.964617849012738,22.99736690062692
0.39050157122575485,-24.307493415280284,14.916661821141837
-9.778349270617554,69.8085946626145,-11.281213716273953
-0.7735205443664392,-40.28330945656224,-18.299226551121357
13.233623121691105,-58.78203864263136,2.477200852232516
0.16780612797596686,28.499547754795678,19.700137169072544
